"topic","count"
"design",63
"tech",56
"news",40
"web design",31
"politics",27
"web",21
"art",20
"culture",17
"graphic design",16
"inspiration",13
"ux",13
"science",13
"india",12
"business",11
"world",10
"marketing",7
"fun",7
"magazines",7
"startups",7
"data",5
"comics",5
"web development",5
"economics",4
"webdesign",4
"humor",4
"google",4
"finance",4
"design thinking",4
"environment",4
"social media",3
"opinion",3
"sports",3
"media",3
"branding",3
"journalism",3
"international",3
"washington post",3
"security",3
"editorial",3
"law",3
"funny",3
"entrepreneurship",3
"animation",3
"sustainability",3
"frontline",3
"entertainment",3
"innovation",3
"ed tech",2
"edtech",2
"think tanks",2
"education",2
"vc",2
"frontend",2
"advertising",2
"green",2
"android",2
"visual design",2
"lifestyle",2
"polity",2
"health",2
"mobile",2
"css",2
"conservative",2
"typography",2
"gadgets",2
"polity n yearbook",2
"political",2
"creative",1
"futurism",1
"world bank",1
"philanthropy",1
"nonprofit",1
"fundraising",1
"small business",1
"open data",1
"productivity",1
"mobile marketing",1
"illustration",1
"logo",1
"columns",1
"the hindu",1
"hindu",1
"web dev",1
"npr",1
"people",1
"frontend standards",1
"computer",1
"laptop",1
"ngos",1
"human rights",1
"narendra modi",1
"treehugger",1
"engineering",1
"india together",1
"legal",1
"indian law",1
"modi",1
"firstpost",1
"time pass",1
"timepass",1
"architecture",1
"privacy",1
"national",1
"diplomacy",1
"international relations",1
"history",1
"social issues",1
"epw",1
"torrents",1
"p2p",1
"running",1
"fitness",1
"interesting",1
"music production",1
"audio",1
"seo",1
"blogging",1
"life",1
"designers",1
"publishing",1
"content marketing",1
"content",1
"guardian",1
"buzzfeed",1
"music",1
"research",1
"space",1
"astronomy",1
"reading",1
"longform",1
"writing",1
"visualization",1
"psychology",1
"psych",1
"programming",1
"hacker",1
"ted",1
"ideas",1
"india tech",1
"infographics",1
"climate",1
"climate change",1
"ui",1
"usability",1
"user experience",1
"graphic",1
"motion",1
"motion graphics",1
"type",1
"film",1
"video",1
"cinema",1
"infography",1
"fivethirtyeight",1
"gaming",1
"apple",1
"games",1
"rt",1
"vox",1
"the wire",1
"writers",1
"bbc",1
"travel",1
"vice",1
"paul krugman",1
"economy",1
"drudge",1
"browsers",1